{"centroid": [0.2599, 0.324, 0.0, 0.0, 0.0, 0.0, 0.0, 0.0, 0.0, 0.0, 0.0, 0.0, 0.0, 0.0, 0.0, 0.0, 0.0, 0.0, 0.0, 0.0, 0.0, 0.0, 0.0, 0.0, 0.0, 0.0, 0.0, 0.005158935934285578, 0.0, 0.005158935934285578, 0.0, 0.012401728300755201, 0.46662547373174057, 0.22094303145532956, 0.02465487269361531, 0.180325847996289, 0.16148612267681436, 0.37704771969637885, 0.06811616329023992, 0.057586788132028346, 0.10168360940744745, 0.2726157711186982, 0.015010617148407509, 0.00337777074302254, 0.13448277187166083, 0.09021541455413529, 0.31176398930342647, 0.23069067992713438, 0.10220358538115246, 0.0, 0.23653917128501187, 0.22672786447581092, 0.2952036109969743, 0.1265999809657363, 0.039582743366468956, 0.033186629330867634, 0.006085393474732031, 0.04106390023797386, 0.013170398939636752, 0.001389693342410662, 0.0015172428225860113, 0.0071681498556151815, 0.006000624097360876, 0.0], "sample_size": 10, "created_at": "2026-04-04T12:59:32.258076+00:00"}